downloads_percent,downloads_total,interval
0.0,6,2019-06-13
0.0,9,2019-06-14
0.0,3,2019-06-15
0.0,2,2019-06-16
0.0001,11,2019-06-17
0.0,7,2019-06-18
0.0001,11,2019-06-19
0.0,3,2019-06-20
0.0001,13,2019-06-21
0.0,1,2019-06-22
0.0,3,2019-06-23
0.0001,17,2019-06-24
0.0,5,2019-06-25
0.0002,29,2019-06-26
0.0,5,2019-06-27
0.0,2,2019-06-28
0.0,4,2019-06-29
0.0,8,2019-06-30
0.0002,35,2019-07-01
0.0002,37,2019-07-02
0.0001,26,2019-07-03
0.0,5,2019-07-04
0.0,5,2019-07-05
0.0,3,2019-07-06
0.0,6,2019-07-07
0.0,6,2019-07-08
0.0003,51,2019-07-09
0.0001,23,2019-07-10
0.0001,20,2019-07-11
0.0001,10,2019-07-12
0.0,3,2019-07-13
0.0001,10,2019-07-14
0.0002,34,2019-07-15
0.0001,22,2019-07-16
0.0001,21,2019-07-17
0.0001,20,2019-07-18
0.0001,17,2019-07-19
0.0,9,2019-07-20
0.0,4,2019-07-21
0.0001,22,2019-07-22
0.0003,54,2019-07-23
0.0003,57,2019-07-24
0.0002,38,2019-07-25
0.0001,11,2019-07-26
0.0001,13,2019-07-27
0.0,6,2019-07-28
0.0004,77,2019-07-29
0.0001,23,2019-07-30
0.0001,15,2019-07-31
0.0001,16,2019-08-01
0.0001,17,2019-08-02
0.0001,11,2019-08-03
0.0,7,2019-08-04
0.0004,71,2019-08-05
0.0004,64,2019-08-06
0.0001,24,2019-08-07
0.0001,18,2019-08-08
0.0001,18,2019-08-09
0.0001,13,2019-08-10
0.0001,10,2019-08-11
0.0005,91,2019-08-12
0.0004,67,2019-08-13
0.0001,21,2019-08-14
0.0001,19,2019-08-15
0.0001,17,2019-08-16
0.0001,16,2019-08-17
0.0001,15,2019-08-18
0.0004,78,2019-08-19
0.0002,33,2019-08-20
0.0001,18,2019-08-21
0.0002,45,2019-08-22
0.0001,22,2019-08-23
0.0,7,2019-08-24
0.0001,12,2019-08-25
0.0001,19,2019-08-26
0.0002,30,2019-08-27
0.0001,19,2019-08-28
0.0,6,2019-08-29
0.0001,13,2019-08-30
0.0,9,2019-08-31
0.0,4,2019-09-01
0.0,3,2019-09-02
0.0004,80,2019-09-03
0.0002,32,2019-09-04
0.0002,29,2019-09-05
0.0001,25,2019-09-06
0.0004,77,2019-09-07
0.0003,63,2019-09-08
0.0006,112,2019-09-09
0.0003,46,2019-09-10
0.0003,59,2019-09-11
0.0001,25,2019-09-12
0.0002,29,2019-09-13
0.0001,13,2019-09-14
0.0002,29,2019-09-15
0.0007,119,2019-09-16
0.0003,48,2019-09-17
0.0001,26,2019-09-18
0.0001,19,2019-09-19
0.0003,48,2019-09-20
0.0001,23,2019-09-21
0.0,7,2019-09-22
0.0005,98,2019-09-23
0.0004,72,2019-09-24
0.0002,45,2019-09-25
0.0002,36,2019-09-26
0.0001,20,2019-09-27
0.0,8,2019-09-28
0.0001,16,2019-09-29
0.0007,130,2019-09-30
0.0003,48,2019-10-01
0.0001,27,2019-10-02
0.0001,19,2019-10-03
0.0001,12,2019-10-04
0.0001,21,2019-10-05
0.0001,19,2019-10-06
0.0006,115,2019-10-07
0.0003,48,2019-10-08
0.0002,31,2019-10-09
0.0002,29,2019-10-10
0.0001,13,2019-10-11
0.0001,15,2019-10-12
0.0001,14,2019-10-13
0.0006,114,2019-10-14
0.0005,94,2019-10-15
0.0003,62,2019-10-16
0.0004,66,2019-10-17
0.0002,34,2019-10-18
0.0001,12,2019-10-19
0.0002,33,2019-10-20
0.0006,103,2019-10-21
0.0003,48,2019-10-22
0.0002,39,2019-10-23
0.0003,53,2019-10-24
0.0002,31,2019-10-25
0.0002,30,2019-10-26
0.0001,21,2019-10-27
0.0006,109,2019-10-28
0.0004,81,2019-10-29
0.0003,50,2019-10-30
0.0002,31,2019-10-31
0.0002,33,2019-11-01
0.0,4,2019-11-02
0.0001,23,2019-11-03
0.0007,129,2019-11-04
0.0004,67,2019-11-05
0.0004,66,2019-11-06
0.0003,49,2019-11-07
0.0002,34,2019-11-08
0.0001,11,2019-11-09
0.0002,34,2019-11-10
0.0007,122,2019-11-11
0.0005,88,2019-11-12
0.0003,55,2019-11-13
0.0004,75,2019-11-14
0.0001,27,2019-11-15
0.0002,36,2019-11-16
0.0003,50,2019-11-17
0.0007,121,2019-11-18
0.0006,111,2019-11-19
0.0002,43,2019-11-20
0.0004,67,2019-11-21
0.0002,39,2019-11-22
0.0001,18,2019-11-23
0.0002,33,2019-11-24
0.0009,161,2019-11-25
0.0004,80,2019-11-26
0.0002,42,2019-11-27
0.0001,16,2019-11-28
0.0002,42,2019-11-29
0.0001,25,2019-11-30
0.0002,34,2019-12-01
0.0004,67,2019-12-02
0.0003,48,2019-12-03
0.0002,38,2019-12-04
0.0001,24,2019-12-05
0.0001,25,2019-12-06
0.0001,16,2019-12-07
0.0001,25,2019-12-08
0.0002,40,2019-12-09
0.0002,42,2019-12-10
0.0006,115,2019-12-11
0.0008,142,2019-12-12
0.0003,55,2019-12-13
0.0001,27,2019-12-14
0.0002,28,2019-12-15
0.0003,57,2019-12-16
0.0009,154,2019-12-17
0.0003,63,2019-12-18
0.0003,59,2019-12-19
0.0002,30,2019-12-20
0.0001,17,2019-12-21
0.0003,60,2019-12-22
0.0002,34,2019-12-23
0.0005,92,2019-12-24
0.0003,49,2019-12-25
0.0003,55,2019-12-26
0.0003,50,2019-12-27
0.0001,14,2019-12-28
0.0001,27,2019-12-29
0.0002,28,2019-12-30
0.0001,23,2019-12-31
0.0002,39,2020-01-01
0.0002,35,2020-01-02
0.0,7,2020-01-03
0.0001,25,2020-01-04
0.0001,17,2020-01-05
0.0003,53,2020-01-06
0.0001,23,2020-01-07
0.0001,12,2020-01-08
0.0,5,2020-01-09
0.0001,17,2020-01-10
0.0003,48,2020-01-11
0.0001,22,2020-01-12
0.0001,21,2020-01-13
0.0009,168,2020-01-14
0.0004,74,2020-01-15
0.0004,71,2020-01-16
0.0002,40,2020-01-17
0.0001,11,2020-01-18
0.0001,14,2020-01-19
0.0003,59,2020-01-20
0.001,173,2020-01-21
0.0005,99,2020-01-22
0.0005,90,2020-01-23
0.0003,46,2020-01-24
0.0002,35,2020-01-25
0.0001,25,2020-01-26
0.0003,51,2020-01-27
0.0002,32,2020-01-28
0.0004,67,2020-01-29
0.0002,44,2020-01-30
0.0003,63,2020-01-31
0.0001,11,2020-02-01
0.0002,39,2020-02-02
0.0005,84,2020-02-03
0.0012,222,2020-02-04
0.0005,87,2020-02-05
0.0004,65,2020-02-06
0.0003,63,2020-02-07
0.0002,33,2020-02-08
0.0001,25,2020-02-09
0.0003,54,2020-02-10
0.001,190,2020-02-11
0.0005,99,2020-02-12
0.0004,66,2020-02-13
0.0001,22,2020-02-14
0.0002,42,2020-02-15
0.0002,33,2020-02-16
0.0003,50,2020-02-17
0.0011,193,2020-02-18
0.0005,86,2020-02-19
0.0004,77,2020-02-20
0.001,182,2020-02-21
0.0007,128,2020-02-22
0.0005,90,2020-02-23
0.0005,89,2020-02-24
0.001,186,2020-02-25
0.0004,73,2020-02-26
0.0004,81,2020-02-27
0.0003,46,2020-02-28
0.0002,43,2020-02-29
0.0002,43,2020-03-01
0.0002,31,2020-03-02
0.0011,201,2020-03-03
0.0008,145,2020-03-04
0.0003,60,2020-03-05
0.0003,56,2020-03-06
0.0002,37,2020-03-07
0.0003,57,2020-03-08
0.0001,24,2020-03-09
0.0011,195,2020-03-10
0.0004,78,2020-03-11
0.0004,79,2020-03-12
0.0003,52,2020-03-13
0.0001,16,2020-03-14
0.0001,26,2020-03-15
0.0002,42,2020-03-16
0.0008,144,2020-03-17
0.0004,65,2020-03-18
0.0001,26,2020-03-19
0.0008,142,2020-03-20
0.0005,82,2020-03-21
0.0002,35,2020-03-22
0.0002,32,2020-03-23
0.0005,91,2020-03-24
0.0003,62,2020-03-25
0.0002,37,2020-03-26
0.0001,18,2020-03-27
0.0001,22,2020-03-28
0.0001,11,2020-03-29
0.0001,22,2020-03-30
0.0009,163,2020-03-31
0.0005,86,2020-04-01
0.0004,70,2020-04-02
0.0002,34,2020-04-03
0.0002,38,2020-04-04
0.0001,18,2020-04-05
0.0002,28,2020-04-06
0.0009,154,2020-04-07
0.0004,81,2020-04-08
0.0006,111,2020-04-09
0.0005,92,2020-04-10
0.0007,124,2020-04-11
0.0007,135,2020-04-12
0.0013,238,2020-04-13
0.0011,203,2020-04-14
0.0018,330,2020-04-15
0.002,357,2020-04-16
0.001,177,2020-04-17
0.0007,132,2020-04-18
0.0011,195,2020-04-19
0.0014,254,2020-04-20
0.0009,165,2020-04-21
0.001,179,2020-04-22
0.0004,78,2020-04-23
0.0001,17,2020-04-24
0.0001,15,2020-04-25
0.0005,84,2020-04-26
0.0004,78,2020-04-27
0.0005,83,2020-04-28
0.0011,203,2020-04-29
0.0012,211,2020-04-30
0.0005,83,2020-05-01
0.0005,89,2020-05-02
0.0012,216,2020-05-03
0.0011,202,2020-05-04
0.0011,192,2020-05-05
0.001,181,2020-05-06
0.0004,78,2020-05-07
0.0003,58,2020-05-08
0.0005,88,2020-05-09
0.0003,54,2020-05-10
0.0014,249,2020-05-11
0.0009,171,2020-05-12
0.0007,119,2020-05-13
0.0015,265,2020-05-14
0.0008,152,2020-05-15
0.0008,140,2020-05-16
0.0008,139,2020-05-17
0.0007,132,2020-05-18
0.0015,270,2020-05-19
0.001,175,2020-05-20
0.0002,32,2020-05-21
0.0003,61,2020-05-22
0.0001,26,2020-05-23
0.0003,62,2020-05-24
0.0002,33,2020-05-25
0.0002,39,2020-05-26
0.0002,30,2020-05-27
0.0005,85,2020-05-28
0.0001,27,2020-05-29
0.0002,29,2020-05-30
0.0001,15,2020-05-31
0.0003,59,2020-06-01
0.0002,39,2020-06-02
0.0004,66,2020-06-03
0.0009,161,2020-06-04
0.0006,117,2020-06-05
0.0004,74,2020-06-06
0.0004,76,2020-06-07
0.0003,53,2020-06-08
0.0002,42,2020-06-09
0.0001,27,2020-06-10
0.0003,51,2020-06-11
0.0,5,2020-06-12
0.0001,19,2020-06-13
0.0007,130,2020-06-14
0.0003,55,2020-06-15
0.0004,77,2020-06-16
0.0002,40,2020-06-17
0.0004,65,2020-06-18
0.0001,24,2020-06-19
0.0006,112,2020-06-20
0.0007,124,2020-06-21
0.0008,147,2020-06-22
0.0012,225,2020-06-23
0.0005,93,2020-06-24
0.0012,211,2020-06-25
0.0012,211,2020-06-26
0.0011,205,2020-06-27
0.001,176,2020-06-28
0.0014,248,2020-06-29
0.0021,378,2020-06-30
0.0022,406,2020-07-01
0.0016,293,2020-07-02
0.0007,123,2020-07-03
0.0011,205,2020-07-04
0.0009,161,2020-07-05
0.001,183,2020-07-06
0.0011,203,2020-07-07
0.0011,196,2020-07-08
0.0008,142,2020-07-09
0.0007,134,2020-07-10
0.0002,41,2020-07-11
0.0009,157,2020-07-12
0.0005,84,2020-07-13
0.0006,113,2020-07-14
0.0018,328,2020-07-15
0.001,176,2020-07-16
0.0011,191,2020-07-17
0.0006,103,2020-07-18
0.0009,156,2020-07-19
0.0012,218,2020-07-20
0.0005,98,2020-07-21
0.0016,289,2020-07-22
0.0011,195,2020-07-23
0.001,177,2020-07-24
0.0007,121,2020-07-25
0.0006,107,2020-07-26
0.0007,124,2020-07-27
0.0006,109,2020-07-28
0.0005,95,2020-07-29
0.0004,66,2020-07-30
0.0009,161,2020-07-31
0.0003,58,2020-08-01
0.0007,120,2020-08-02
0.0005,90,2020-08-03
0.001,182,2020-08-04
0.0007,120,2020-08-05
0.0003,62,2020-08-06
0.0005,86,2020-08-07
0.0004,64,2020-08-08
0.0004,67,2020-08-09
0.001,189,2020-08-10
0.001,176,2020-08-11
0.0005,95,2020-08-12
0.0019,339,2020-08-13
0.0009,171,2020-08-14
0.0003,59,2020-08-15
0.001,190,2020-08-16
0.0019,351,2020-08-17
0.0022,391,2020-08-18
0.0015,263,2020-08-19
0.0008,140,2020-08-20
0.0012,224,2020-08-21
0.0006,102,2020-08-22
0.0007,128,2020-08-23
0.0007,126,2020-08-24
0.0009,158,2020-08-25
0.0004,80,2020-08-26
0.0001,25,2020-08-27
0.0004,73,2020-08-28
0.0007,126,2020-08-29
0.0003,52,2020-08-30
0.0005,87,2020-08-31
0.0015,271,2020-09-01
0.0011,208,2020-09-02
0.0009,162,2020-09-03
0.0007,122,2020-09-04
0.0012,220,2020-09-05
0.001,183,2020-09-06
0.0006,107,2020-09-07
0.0011,199,2020-09-08
0.0005,97,2020-09-09
0.001,178,2020-09-10
0.0008,144,2020-09-11
0.0011,208,2020-09-12
0.0006,104,2020-09-13
0.0006,105,2020-09-14
0.0006,114,2020-09-15
0.0008,148,2020-09-16
0.0002,32,2020-09-17
0.0002,45,2020-09-18
0.0002,33,2020-09-19
0.0005,93,2020-09-20
0.0006,101,2020-09-21
0.0007,133,2020-09-22
0.0004,72,2020-09-23
0.0019,336,2020-09-24
0.0003,50,2020-09-25
0.0016,288,2020-09-26
0.0005,98,2020-09-27
0.0014,255,2020-09-28
0.0009,169,2020-09-29
0.001,176,2020-09-30
0.0017,308,2020-10-01
0.0008,144,2020-10-02
0.0008,152,2020-10-03
0.0009,154,2020-10-04
0.0006,101,2020-10-05
0.0009,161,2020-10-06
0.0004,71,2020-10-07
0.0017,310,2020-10-08
0.0004,81,2020-10-09
0.0014,262,2020-10-10
0.0013,238,2020-10-11
0.0008,149,2020-10-12
0.0008,144,2020-10-13
0.0002,40,2020-10-14
0.001,173,2020-10-15
0.0007,119,2020-10-16
0.0009,155,2020-10-17
0.0007,118,2020-10-18
0.0008,144,2020-10-19
0.0004,76,2020-10-20
0.0002,30,2020-10-21
0.0001,16,2020-10-22
0.0001,10,2020-10-23
0.0002,31,2020-10-24
0.0001,16,2020-10-25
0.0003,47,2020-10-26
0.0001,18,2020-10-27
0.0001,26,2020-10-28
0.0002,39,2020-10-29
0.0001,15,2020-10-30
0.0001,22,2020-10-31
0.0001,25,2020-11-01
0.0003,52,2020-11-02
0.0002,40,2020-11-03
0.0003,55,2020-11-04
0.0019,343,2020-11-05
0.0005,93,2020-11-06
0.0004,81,2020-11-07
0.0004,66,2020-11-08
0.0003,53,2020-11-09
0.0009,167,2020-11-10
0.0006,106,2020-11-11
0.0013,228,2020-11-12
0.0012,224,2020-11-13
0.0005,95,2020-11-14
0.0005,90,2020-11-15
0.0013,227,2020-11-16
0.0009,165,2020-11-17
0.0002,30,2020-11-18
0.0013,229,2020-11-19
0.0004,79,2020-11-20
0.0005,87,2020-11-21
0.0001,25,2020-11-22
0.0006,111,2020-11-23
0.0009,169,2020-11-24
0.0005,95,2020-11-25
0.0004,74,2020-11-26
0.0003,54,2020-11-27
0.0006,100,2020-11-28
0.0007,132,2020-11-29
0.0005,84,2020-11-30
0.0001,23,2020-12-01
0.0003,46,2020-12-02
0.0002,43,2020-12-03
0.0001,18,2020-12-04
0.0001,11,2020-12-05
0.0,5,2020-12-06
0.0004,77,2020-12-07
0.0,8,2020-12-08
0.0001,20,2020-12-09
0.0001,10,2020-12-10
0.0001,12,2020-12-11
0.0001,21,2020-12-12
0.0,9,2020-12-13
0.0002,36,2020-12-14
0.0001,22,2020-12-15
0.0001,11,2020-12-16
0.0001,12,2020-12-17
0.0001,12,2020-12-18
0.0001,24,2020-12-19
0.0001,12,2020-12-20
0.0001,19,2020-12-21
0.0003,57,2020-12-22
0.0001,26,2020-12-23
0.0,4,2020-12-24
0.0001,20,2020-12-25
0.0001,24,2020-12-26
0.0002,32,2020-12-27
0.0006,114,2020-12-28
0.0008,150,2020-12-29
0.0004,73,2020-12-30
0.0003,56,2020-12-31
0.0004,68,2021-01-01
0.0004,80,2021-01-02
0.0008,142,2021-01-03
0.0004,80,2021-01-04
0.0004,77,2021-01-05
0.0008,141,2021-01-06
0.0004,67,2021-01-07
0.0004,76,2021-01-08
0.0007,124,2021-01-09
0.0008,150,2021-01-10
0.0007,133,2021-01-11
0.0005,97,2021-01-12
0.0006,106,2021-01-13
0.0033,594,2021-01-14
0.001,190,2021-01-15
0.0005,95,2021-01-16
0.0008,144,2021-01-17
0.0003,48,2021-01-18
0.0008,137,2021-01-19
0.0009,160,2021-01-20
0.0013,232,2021-01-21
0.0004,71,2021-01-22
0.0002,34,2021-01-23
0.0004,76,2021-01-24
0.0005,93,2021-01-25
0.0006,102,2021-01-26
0.0009,169,2021-01-27
0.0005,96,2021-01-28
0.0008,142,2021-01-29
0.0004,72,2021-01-30
0.0005,89,2021-01-31
0.0006,109,2021-02-01
0.0006,101,2021-02-02
0.0009,163,2021-02-03
0.0016,292,2021-02-04
0.0013,232,2021-02-05
0.0005,98,2021-02-06
0.0005,85,2021-02-07
0.0005,89,2021-02-08
0.0004,67,2021-02-09
0.0005,95,2021-02-10
0.0011,208,2021-02-11
0.0009,169,2021-02-12
0.0005,96,2021-02-13
0.0004,81,2021-02-14
0.0003,50,2021-02-15
0.0003,61,2021-02-16
0.0008,146,2021-02-17
0.0006,113,2021-02-18
0.0004,69,2021-02-19
0.0007,119,2021-02-20
0.001,177,2021-02-21
0.0004,78,2021-02-22
0.0003,58,2021-02-23
0.0009,164,2021-02-24
0.0018,322,2021-02-25
0.0007,128,2021-02-26
0.0004,75,2021-02-27
0.0004,79,2021-02-28
0.0004,74,2021-03-01
0.0003,60,2021-03-02
0.0003,52,2021-03-03
0.0011,195,2021-03-04
0.0006,102,2021-03-05
0.0004,64,2021-03-06
0.0004,76,2021-03-07
0.0003,61,2021-03-08
0.0003,52,2021-03-09
0.0003,46,2021-03-10
0.0003,57,2021-03-11
0.0001,26,2021-03-12
0.0001,17,2021-03-13
0.0001,20,2021-03-14
0.0002,32,2021-03-15
0.0001,21,2021-03-16
0.0001,12,2021-03-17
0.0009,157,2021-03-18
0.0003,47,2021-03-19
0.0003,57,2021-03-20
0.0001,20,2021-03-21
0.0006,103,2021-03-22
0.0002,29,2021-03-23
0.0003,55,2021-03-24
0.0002,36,2021-03-25
0.0002,34,2021-03-26
0.0002,42,2021-03-27
0.0003,61,2021-03-28
0.0004,78,2021-03-29
0.0003,46,2021-03-30
0.0001,25,2021-03-31
0.0002,36,2021-04-01
0.0005,90,2021-04-02
0.0001,22,2021-04-03
0.0001,18,2021-04-04
0.0001,23,2021-04-05
0.0002,34,2021-04-06
0.0004,71,2021-04-07
0.0009,172,2021-04-08
0.0007,130,2021-04-09
0.0011,198,2021-04-10
0.0008,152,2021-04-11
0.0007,120,2021-04-12
0.0003,60,2021-04-13
0.0004,64,2021-04-14
0.0013,231,2021-04-15
0.0004,76,2021-04-16
0.0004,79,2021-04-17
0.0006,115,2021-04-18
0.0006,105,2021-04-19
0.0004,68,2021-04-20
0.0005,91,2021-04-21
0.0012,218,2021-04-22
0.0007,126,2021-04-23
0.0006,102,2021-04-24
0.0006,111,2021-04-25
0.0002,32,2021-04-26
0.0002,32,2021-04-27
0.0002,31,2021-04-28
0.001,174,2021-04-29
0.0002,40,2021-04-30
0.0005,84,2021-05-01
0.0004,69,2021-05-02
0.0008,152,2021-05-03
0.0005,93,2021-05-04
0.0005,92,2021-05-05
0.0013,237,2021-05-06
0.0006,104,2021-05-07
0.0007,131,2021-05-08
0.0005,96,2021-05-09
0.0006,109,2021-05-10
0.0004,73,2021-05-11
0.0006,108,2021-05-12
0.001,189,2021-05-13
0.0006,112,2021-05-14
0.0004,71,2021-05-15
0.0008,145,2021-05-16
0.0006,109,2021-05-17
0.0005,83,2021-05-18
0.0007,118,2021-05-19
0.0008,149,2021-05-20
0.0003,56,2021-05-21
0.0007,127,2021-05-22
0.0009,162,2021-05-23
0.0006,103,2021-05-24
0.0015,274,2021-05-25
0.0004,80,2021-05-26
0.0006,116,2021-05-27
0.0005,96,2021-05-28
0.0007,130,2021-05-29
0.0006,108,2021-05-30
0.0008,144,2021-05-31
0.0004,69,2021-06-01
0.0002,33,2021-06-02
0.0002,31,2021-06-03
0.0002,35,2021-06-04
0.0005,82,2021-06-05
0.0004,78,2021-06-06
0.0003,54,2021-06-07
0.001,175,2021-06-08
0.001,178,2021-06-09
0.0015,270,2021-06-10
0.0011,207,2021-06-11
0.001,176,2021-06-12
0.0006,106,2021-06-13
0.0007,127,2021-06-14
0.0005,94,2021-06-15
0.001,174,2021-06-16
0.0007,133,2021-06-17
0.0003,48,2021-06-18
0.0009,163,2021-06-19
0.0006,113,2021-06-20
0.0012,214,2021-06-21
0.0008,146,2021-06-22
0.001,190,2021-06-23
0.0006,116,2021-06-24
0.0007,122,2021-06-25
0.0002,36,2021-06-26
0.0008,148,2021-06-27
0.0007,118,2021-06-28
0.0007,128,2021-06-29
0.0005,91,2021-06-30
0.0005,83,2021-07-01
0.0007,118,2021-07-02
0.0008,148,2021-07-03
0.0003,61,2021-07-04
0.0003,61,2021-07-05
0.0005,97,2021-07-06
0.0007,131,2021-07-07
0.0011,196,2021-07-08
0.0002,43,2021-07-09
0.0006,108,2021-07-10
0.0007,118,2021-07-11
0.0005,83,2021-07-12
0.0004,74,2021-07-13
0.0004,75,2021-07-14
0.001,181,2021-07-15
0.0006,110,2021-07-16
0.0014,248,2021-07-17
0.0001,25,2021-07-18
0.0005,88,2021-07-19
0.0003,49,2021-07-20
0.0002,45,2021-07-21
0.0001,24,2021-07-22
0.0006,106,2021-07-23
0.0001,20,2021-07-24
0.0,9,2021-07-25
0.0,8,2021-07-26
0.0,9,2021-07-27
0.0001,20,2021-07-28
0.0007,134,2021-07-29
0.0002,37,2021-07-30
0.0001,22,2021-07-31
0.0002,28,2021-08-01
0.0002,33,2021-08-02
0.0003,50,2021-08-03
0.0002,29,2021-08-04
0.0001,18,2021-08-05
0.0002,34,2021-08-06
0.0001,19,2021-08-07
0.0001,14,2021-08-08
0.0001,15,2021-08-09
0.0001,21,2021-08-10
0.0001,25,2021-08-11
0.0001,27,2021-08-12
0.0001,11,2021-08-13
0.0,5,2021-08-14
0.0,4,2021-08-15
0.0,9,2021-08-16
0.0001,15,2021-08-17
0.0,8,2021-08-18
0.0001,27,2021-08-19
0.0,4,2021-08-20
0.0,8,2021-08-21
0.0,7,2021-08-22
0.0002,42,2021-08-23
0.0001,13,2021-08-24
0.0,8,2021-08-25
0.0007,134,2021-08-26
0.0002,36,2021-08-27
0.0001,23,2021-08-28
0.0001,21,2021-08-29
0.0001,25,2021-08-30
0.0,9,2021-08-31
0.0001,16,2021-09-01
0.0006,115,2021-09-02
0.0002,41,2021-09-03
0.0001,15,2021-09-04
0.0001,16,2021-09-05
0.0001,20,2021-09-06
0.0001,12,2021-09-07
0.0001,12,2021-09-08
0.0006,115,2021-09-09
0.0002,36,2021-09-10
0.0001,27,2021-09-11
0.0002,33,2021-09-12
0.0003,48,2021-09-13
0.0002,33,2021-09-14
0.0003,51,2021-09-15
0.0001,16,2021-09-16
0.0001,22,2021-09-17
0.0001,25,2021-09-18
0.0,9,2021-09-19
0.0002,43,2021-09-20
0.0002,43,2021-09-21
0.0001,16,2021-09-22
0.0002,28,2021-09-23
0.0004,67,2021-09-24
0.0001,14,2021-09-25
0.0,3,2021-09-26
0.0,5,2021-09-27
0.0001,15,2021-09-28
0.0002,33,2021-09-29
0.0,9,2021-09-30
0.0,3,2021-10-01
0.0001,10,2021-10-02
0.0001,10,2021-10-03
0.0001,16,2021-10-04
0.0001,13,2021-10-05
0.0001,26,2021-10-06
0.0009,166,2021-10-07
0.0001,23,2021-10-08
0.0001,10,2021-10-09
0.0001,22,2021-10-10
0.0002,42,2021-10-11
0.0002,33,2021-10-12
0.0001,12,2021-10-13
0.0006,113,2021-10-14
0.0001,25,2021-10-15
0.0001,25,2021-10-16
0.0001,22,2021-10-17
0.0001,23,2021-10-18
0.0002,33,2021-10-19
0.0001,27,2021-10-20
0.0,9,2021-10-21
0.0001,12,2021-10-22
0.0001,26,2021-10-23
0.0002,33,2021-10-24
0.0002,28,2021-10-25
0.0001,13,2021-10-26
0.0001,20,2021-10-27
0.0001,20,2021-10-28
0.0001,19,2021-10-29
0.0,7,2021-10-30
0.0,2,2021-10-31
0.0001,16,2021-11-01
0.0001,25,2021-11-02
0.0001,24,2021-11-03
0.0001,12,2021-11-04
0.0001,11,2021-11-05
0.0006,108,2021-11-06
0.0,6,2021-11-07
0.0001,14,2021-11-08
0.0001,15,2021-11-09
0.0,7,2021-11-10
0.0003,63,2021-11-11
0.0,2,2021-11-12
0.0001,20,2021-11-13
0.0001,14,2021-11-14
0.0001,16,2021-11-15
0.0,2,2021-11-16
0.0,6,2021-11-17
0.0002,34,2021-11-18
0.0,9,2021-11-19
0.0,4,2021-11-20
0.0001,10,2021-11-21
0.0001,18,2021-11-22
0.0001,13,2021-11-23
0.0001,12,2021-11-24
0.0,3,2021-11-25
0.0001,15,2021-11-26
0.0,2,2021-11-27
0.0001,26,2021-11-28
0.0,5,2021-11-29
0.0001,24,2021-11-30
0.0,7,2021-12-01
0.0,6,2021-12-02
0.0001,23,2021-12-03
0.0001,14,2021-12-04
0.0001,12,2021-12-05
0.0,9,2021-12-06
0.0001,20,2021-12-07
0.0,8,2021-12-08
0.0011,192,2021-12-09
0.0004,81,2021-12-10
0.0001,27,2021-12-11
0.0002,28,2021-12-12
0.0003,60,2021-12-13
0.0001,25,2021-12-14
0.0002,35,2021-12-15
0.0006,104,2021-12-16
0.0001,17,2021-12-17
0.0001,12,2021-12-18
0.0001,11,2021-12-19
0.0001,25,2021-12-20
0.0001,16,2021-12-21
0.0,2,2021-12-22
0.0001,26,2021-12-23
0.0,6,2021-12-24
0.0,6,2021-12-25
0.0001,15,2021-12-26
0.0003,61,2021-12-27
0.0001,15,2021-12-28
0.0001,12,2021-12-29
0.0001,11,2021-12-30
0.0,5,2021-12-31
0.0,6,2022-01-01
0.0001,10,2022-01-02
0.0002,33,2022-01-03
0.0002,41,2022-01-04
0.0001,27,2022-01-05
0.0001,13,2022-01-06
0.0001,15,2022-01-07
0.0002,39,2022-01-08
0.0,4,2022-01-09
0.0002,45,2022-01-10
0.0,6,2022-01-11
0.0,8,2022-01-12
0.0,7,2022-01-13
0.0001,18,2022-01-14
0.0001,15,2022-01-15
0.0001,21,2022-01-16
0.0,9,2022-01-17
0.0001,12,2022-01-18
0.0,9,2022-01-19
0.0,7,2022-01-20
0.0001,21,2022-01-21
0.0,5,2022-01-22
0.0002,29,2022-01-23
0.0001,17,2022-01-24
0.0001,20,2022-01-25
0.0001,27,2022-01-26
0.0002,37,2022-01-27
0.0001,12,2022-01-28
0.0,2,2022-01-29
0.0001,18,2022-01-30
0.0,6,2022-01-31
0.0001,11,2022-02-01
0.0001,25,2022-02-02
0.0001,17,2022-02-03
0.0001,22,2022-02-04
0.0001,21,2022-02-05
0.0,9,2022-02-06
0.0001,18,2022-02-07
0.0002,35,2022-02-08
0.0001,24,2022-02-09
0.0016,288,2022-02-10
0.0003,55,2022-02-11
0.0002,35,2022-02-12
0.0,9,2022-02-13
0.0003,59,2022-02-14
0.0005,82,2022-02-15
0.0004,69,2022-02-16
0.0012,213,2022-02-17
0.0007,125,2022-02-18
0.0003,48,2022-02-19
0.0001,22,2022-02-20
0.0001,27,2022-02-21
0.0002,30,2022-02-22
0.0001,16,2022-02-23
0.0008,149,2022-02-24
0.0003,48,2022-02-25
0.0001,20,2022-02-26
0.0004,75,2022-02-27
0.0002,45,2022-02-28
0.0004,81,2022-03-01
0.0002,37,2022-03-02
0.0008,142,2022-03-03
0.0003,46,2022-03-04
0.0001,25,2022-03-05
0.0004,67,2022-03-06
0.0002,34,2022-03-07
0.0001,18,2022-03-08
0.0001,23,2022-03-09
0.0001,19,2022-03-10
0.0,9,2022-03-11
0.0004,66,2022-03-12
0.0001,14,2022-03-13
0.001,184,2022-03-14
0.0004,73,2022-03-15
0.0002,32,2022-03-16
0.0007,125,2022-03-17
0.0002,28,2022-03-18
0.0001,10,2022-03-19
0.0001,13,2022-03-20
0.0002,36,2022-03-21
0.0002,36,2022-03-22
0.0001,16,2022-03-23
0.0009,156,2022-03-24
0.0003,59,2022-03-25
0.0007,120,2022-03-26
0.0002,40,2022-03-27
0.0002,32,2022-03-28
0.0001,25,2022-03-29
0.0003,57,2022-03-30
0.0011,208,2022-03-31
0.0003,48,2022-04-01
0.0004,69,2022-04-02
0.0001,15,2022-04-03
0.0002,44,2022-04-04
0.0001,19,2022-04-05
0.0001,21,2022-04-06
0.0001,27,2022-04-07
0.0004,76,2022-04-08
0.0,8,2022-04-09
0.0001,21,2022-04-10
0.0003,55,2022-04-11
0.0001,26,2022-04-12
0.0,6,2022-04-13
0.0,9,2022-04-14
0.0001,12,2022-04-15
0.0001,13,2022-04-16
0.0001,11,2022-04-17
0.0001,15,2022-04-18
0.0001,16,2022-04-19
0.0016,292,2022-04-20
0.0039,715,2022-04-21
0.0054,971,2022-04-22
0.0044,802,2022-04-23
0.0043,783,2022-04-24
0.0032,586,2022-04-25
0.0064,1164,2022-04-26
0.0058,1042,2022-04-27
0.0036,658,2022-04-28
0.0015,277,2022-04-29
0.0048,874,2022-04-30
0.0033,595,2022-05-01
0.0043,773,2022-05-02
0.0058,1050,2022-05-03
0.0054,980,2022-05-04
0.0055,1005,2022-05-05
0.0018,329,2022-05-06
0.0059,1060,2022-05-07
0.0042,759,2022-05-08
0.0019,350,2022-05-09
0.0038,693,2022-05-10
0.004,732,2022-05-11
0.004,718,2022-05-12
0.008,1453,2022-05-13
0.0006,100,2022-05-14
0.005,899,2022-05-15
0.0032,571,2022-05-16
0.004,722,2022-05-17
0.0106,1916,2022-05-18
0.0046,842,2022-05-19
0.0002,32,2022-05-20
0.0002,45,2022-05-21
0.0002,43,2022-05-22
0.0003,53,2022-05-23
0.0005,85,2022-05-24
0.0002,35,2022-05-25
0.0007,118,2022-05-26
0.0002,30,2022-05-27
0.0001,11,2022-05-28
0.0001,15,2022-05-29
0.0002,45,2022-05-30
0.0002,36,2022-05-31
0.0002,32,2022-06-01
0.0006,111,2022-06-02
0.0002,34,2022-06-03
0.0001,20,2022-06-04
0.0002,31,2022-06-05
0.0003,48,2022-06-06
0.0001,19,2022-06-07
0.0002,41,2022-06-08
0.0005,99,2022-06-09
0.0001,26,2022-06-10
0.0002,31,2022-06-11
0.0001,21,2022-06-12
0.0001,21,2022-06-13
0.0002,42,2022-06-14
0.0001,12,2022-06-15
0.0007,123,2022-06-16
0.0006,105,2022-06-17
0.0001,11,2022-06-18
0.0001,12,2022-06-19
0.0001,12,2022-06-20
0.0002,33,2022-06-21
0.0001,24,2022-06-22
0.0008,136,2022-06-23
0.0005,91,2022-06-24
0.0,6,2022-06-25
0.0,9,2022-06-26
0.0002,36,2022-06-27
0.0001,10,2022-06-28
0.0001,14,2022-06-29
0.0005,89,2022-06-30
0.0006,115,2022-07-01
0.0002,38,2022-07-02
0.0,9,2022-07-03
0.0001,25,2022-07-04
0.0003,61,2022-07-05
0.0002,34,2022-07-06
0.0006,117,2022-07-07
0.0002,35,2022-07-08
0.0002,34,2022-07-09
0.0002,39,2022-07-10
0.0002,34,2022-07-11
0.0004,67,2022-07-12
0.0001,18,2022-07-13
0.0008,141,2022-07-14
0.0003,48,2022-07-15
0.0001,15,2022-07-16
0.0001,26,2022-07-17
0.0001,25,2022-07-18
0.0003,55,2022-07-19
0.0001,23,2022-07-20
0.0006,113,2022-07-21
0.0002,29,2022-07-22
0.0001,14,2022-07-23
0.0,8,2022-07-24
0.0005,98,2022-07-25
0.0001,19,2022-07-26
0.0002,31,2022-07-27
0.0008,148,2022-07-28
0.0004,65,2022-07-29
0.0003,55,2022-07-30
0.0001,11,2022-07-31
0.0002,34,2022-08-01
0.0001,24,2022-08-02
0.0,7,2022-08-03
0.0006,107,2022-08-04
0.0004,66,2022-08-05
0.0001,27,2022-08-06
0.0001,20,2022-08-07
0.0003,53,2022-08-08
0.0002,38,2022-08-09
0.0001,19,2022-08-10
0.0007,133,2022-08-11
0.0001,26,2022-08-12
0.0001,15,2022-08-13
0.0001,20,2022-08-14
0.0002,39,2022-08-15
0.0002,37,2022-08-16
0.0003,63,2022-08-17
0.001,173,2022-08-18
0.0002,36,2022-08-19
0.0001,18,2022-08-20
0.0002,32,2022-08-21
0.0001,25,2022-08-22
0.0003,54,2022-08-23
0.0001,27,2022-08-24
0.0008,153,2022-08-25
0.0002,34,2022-08-26
0.0001,22,2022-08-27
0.0001,15,2022-08-28
0.0003,50,2022-08-29
0.0002,36,2022-08-30
0.0001,15,2022-08-31
0.0001,22,2022-09-01
0.0001,12,2022-09-02
0.0002,37,2022-09-03
0.0,9,2022-09-04
0.0,2,2022-09-05
0.0001,17,2022-09-06
0.0007,119,2022-09-07
0.0008,142,2022-09-08
0.0004,66,2022-09-09
0.0003,51,2022-09-10
0.0001,20,2022-09-11
0.0001,19,2022-09-12
0.0001,13,2022-09-13
0.0002,39,2022-09-14
0.0003,63,2022-09-15
0.0001,15,2022-09-16
0.0,6,2022-09-17
0.0001,10,2022-09-18
0.0002,42,2022-09-19
0.0001,11,2022-09-20
0.0002,33,2022-09-21
0.0011,202,2022-09-22
0.0004,65,2022-09-23
0.0002,29,2022-09-24
0.0004,69,2022-09-25
0.0002,34,2022-09-26
0.0001,16,2022-09-27
0.0002,29,2022-09-28
0.0008,138,2022-09-29
0.0005,91,2022-09-30
0.0003,48,2022-10-01
0.0002,45,2022-10-02
0.0005,88,2022-10-03
0.0002,44,2022-10-04
0.0006,112,2022-10-05
0.0015,270,2022-10-06
0.0004,70,2022-10-07
0.0002,37,2022-10-08
0.0001,17,2022-10-09
0.0003,50,2022-10-10
0.0006,114,2022-10-11
0.0001,19,2022-10-12
0.0001,25,2022-10-13
0.0001,10,2022-10-14
0.0,8,2022-10-15
0.0001,18,2022-10-16
0.0004,73,2022-10-17
0.0004,69,2022-10-18
0.0,7,2022-10-19
0.0008,146,2022-10-20
0.0003,61,2022-10-21
0.0001,27,2022-10-22
0.0001,21,2022-10-23
0.0002,28,2022-10-24
0.0003,51,2022-10-25
0.0001,27,2022-10-26
0.0007,122,2022-10-27
0.0002,33,2022-10-28
0.0,9,2022-10-29
0.0001,16,2022-10-30
0.0006,114,2022-10-31
0.0007,122,2022-11-01
0.0,9,2022-11-02
0.0005,96,2022-11-03
0.0006,112,2022-11-04
0.0001,25,2022-11-05
0.0001,21,2022-11-06
0.0002,31,2022-11-07
0.0003,55,2022-11-08
0.0001,11,2022-11-09
0.0002,42,2022-11-10
0.0002,38,2022-11-11
0.0,6,2022-11-12
0.0003,60,2022-11-13
0.0001,17,2022-11-14
0.0001,16,2022-11-15
0.0001,19,2022-11-16
0.0008,145,2022-11-17
0.0002,32,2022-11-18
0.0002,35,2022-11-19
0.0004,65,2022-11-20
0.0001,20,2022-11-21
0.0003,48,2022-11-22
0.0002,29,2022-11-23
0.0,8,2022-11-24
0.0006,114,2022-11-25
0.0002,40,2022-11-26
0.0002,32,2022-11-27
0.0003,57,2022-11-28
0.0005,84,2022-11-29
0.0002,39,2022-11-30
0.0015,263,2022-12-01
0.0002,39,2022-12-02
0.0008,153,2022-12-03
0.0002,32,2022-12-04
0.0002,33,2022-12-05
0.0003,57,2022-12-06
0.0003,53,2022-12-07
0.0008,148,2022-12-08
0.0002,43,2022-12-09
0.0001,17,2022-12-10
0.0001,25,2022-12-11
0.0002,28,2022-12-12
0.0002,30,2022-12-13
0.0001,27,2022-12-14
0.0008,143,2022-12-15
0.0002,32,2022-12-16
0.0001,17,2022-12-17
0.0001,21,2022-12-18
0.0002,40,2022-12-19
0.0006,101,2022-12-20
0.0001,25,2022-12-21
0.0009,170,2022-12-22
0.0003,54,2022-12-23
0.0001,14,2022-12-24
0.0001,10,2022-12-25
0.0001,27,2022-12-26
0.0001,14,2022-12-27
0.0001,15,2022-12-28
0.0005,91,2022-12-29
0.0004,69,2022-12-30
0.0003,46,2022-12-31
0.001,184,2023-01-01
0.0001,21,2023-01-02
0.0001,27,2023-01-03
0.0002,37,2023-01-04
0.0002,29,2023-01-05
0.0002,28,2023-01-06
0.0002,29,2023-01-07
0.0002,42,2023-01-08
0.0002,35,2023-01-09
0.0006,115,2023-01-10
0.0007,129,2023-01-11
0.0009,167,2023-01-12
0.0006,103,2023-01-13
0.0003,49,2023-01-14
0.0005,83,2023-01-15
0.0004,72,2023-01-16
0.0002,35,2023-01-17
0.0001,25,2023-01-18
0.001,176,2023-01-19
0.0004,70,2023-01-20
0.0005,93,2023-01-21
0.0009,167,2023-01-22
0.0,9,2023-01-23
0.0002,35,2023-01-24
0.0002,32,2023-01-25
0.0008,140,2023-01-26
0.0011,197,2023-01-27
0.0002,30,2023-01-28
0.0001,20,2023-01-29
0.0001,19,2023-01-30
0.0002,43,2023-01-31
0.0002,45,2023-02-01
0.0011,195,2023-02-02
0.0006,100,2023-02-03
0.0007,123,2023-02-04
0.0001,25,2023-02-05
0.0002,29,2023-02-06
0.0003,50,2023-02-07
0.0001,22,2023-02-08
0.0006,107,2023-02-09
0.0003,61,2023-02-10
0.0002,32,2023-02-11
0.0001,23,2023-02-12
0.0004,67,2023-02-13
0.0004,65,2023-02-14
0.0001,27,2023-02-15
0.0006,107,2023-02-16
0.0002,38,2023-02-17
0.0001,27,2023-02-18
0.0001,20,2023-02-19
0.0001,27,2023-02-20
0.0005,84,2023-02-21
0.0002,43,2023-02-22
0.0008,137,2023-02-23
0.0003,58,2023-02-24
0.0003,55,2023-02-25
0.0001,16,2023-02-26
0.0002,44,2023-02-27
0.0002,28,2023-02-28
0.0002,42,2023-03-01
0.0013,228,2023-03-02
0.0003,61,2023-03-03
0.0002,33,2023-03-04
0.0002,43,2023-03-05
0.0002,37,2023-03-06
0.0001,26,2023-03-07
0.0001,27,2023-03-08
0.0009,162,2023-03-09
0.0003,46,2023-03-10
0.0001,17,2023-03-11
0.0001,19,2023-03-12
0.0002,36,2023-03-13
0.0001,21,2023-03-14
0.0001,17,2023-03-15
0.0016,297,2023-03-16
0.0005,82,2023-03-17
0.0001,15,2023-03-18
0.0002,28,2023-03-19
0.0005,86,2023-03-20
0.0002,35,2023-03-21
0.0001,23,2023-03-22
0.0009,170,2023-03-23
0.0005,84,2023-03-24
0.0001,21,2023-03-25
0.0001,27,2023-03-26
0.0011,206,2023-03-27
0.0004,64,2023-03-28
0.0009,166,2023-03-29
0.0007,122,2023-03-30
0.0002,34,2023-03-31
0.0001,27,2023-04-01
0.0001,27,2023-04-02
0.0001,10,2023-04-03
0.0002,37,2023-04-04
0.0001,19,2023-04-05
0.0007,123,2023-04-06
0.0002,40,2023-04-07
0.0,7,2023-04-08
0.0002,37,2023-04-09
0.0006,102,2023-04-10
0.0003,54,2023-04-11
0.0001,27,2023-04-12
0.0005,87,2023-04-13
0.0007,128,2023-04-14
0.0001,10,2023-04-15
0.0003,52,2023-04-16
0.0004,72,2023-04-17
0.0003,48,2023-04-18
0.0001,21,2023-04-19
0.0006,105,2023-04-20
0.0008,144,2023-04-21
0.0001,18,2023-04-22
0.0002,29,2023-04-23
0.0001,24,2023-04-24
0.0002,33,2023-04-25
0.0001,27,2023-04-26
0.0009,159,2023-04-27
0.0018,319,2023-04-28
0.0005,84,2023-04-29
0.0004,67,2023-04-30
0.0003,51,2023-05-01
0.0004,70,2023-05-02
0.0001,24,2023-05-03
0.0007,121,2023-05-04
0.0003,46,2023-05-05
0.0001,26,2023-05-06
0.0001,26,2023-05-07
0.0012,210,2023-05-08
0.0002,42,2023-05-09
0.0001,27,2023-05-10
0.0018,324,2023-05-11
0.0001,26,2023-05-12
0.0001,14,2023-05-13
0.0001,26,2023-05-14
0.0002,38,2023-05-15
0.0002,34,2023-05-16
0.0009,161,2023-05-17
0.0006,116,2023-05-18
0.0002,41,2023-05-19
0.0001,20,2023-05-20
0.0,7,2023-05-21
0.0001,12,2023-05-22
0.0003,51,2023-05-23
0.0005,87,2023-05-24
0.0012,210,2023-05-25
0.0008,153,2023-05-26
0.0004,80,2023-05-27
0.0009,158,2023-05-28
0.0005,84,2023-05-29
0.0006,110,2023-05-30
0.0003,51,2023-05-31
0.0005,96,2023-06-01
0.0006,111,2023-06-02
0.0001,27,2023-06-03
0.0003,49,2023-06-04
0.0002,37,2023-06-05
0.0012,211,2023-06-06
0.0005,88,2023-06-07
0.0013,241,2023-06-08
0.0014,252,2023-06-09
0.0005,86,2023-06-10
0.0004,75,2023-06-11
0.0004,72,2023-06-12
0.0006,101,2023-06-13
0.0009,157,2023-06-14
0.0005,94,2023-06-15
0.0006,106,2023-06-16
0.0003,60,2023-06-17
0.0001,22,2023-06-18
0.0001,17,2023-06-19
0.0007,133,2023-06-20
0.0004,74,2023-06-21
0.0007,121,2023-06-22
0.0006,104,2023-06-23
0.0004,80,2023-06-24
0.0001,22,2023-06-25
0.0009,168,2023-06-26
0.0003,50,2023-06-27
0.0003,46,2023-06-28
0.0008,148,2023-06-29
0.0002,32,2023-06-30
0.0004,66,2023-07-01
0.0001,18,2023-07-02
0.0001,23,2023-07-03
0.0,6,2023-07-04
0.0004,71,2023-07-05
0.0006,117,2023-07-06
0.0001,26,2023-07-07
0.0,9,2023-07-08
0.0,6,2023-07-09
0.0006,115,2023-07-10
0.0001,27,2023-07-11
0.0003,61,2023-07-12
0.0006,108,2023-07-13
0.0002,36,2023-07-14
0.0004,76,2023-07-15
0.0003,54,2023-07-16
0.0002,29,2023-07-17
0.0003,46,2023-07-18
0.0002,42,2023-07-19
0.0013,237,2023-07-20
0.0001,26,2023-07-21
0.0002,28,2023-07-22
0.0001,12,2023-07-23
0.0003,51,2023-07-24
0.0001,17,2023-07-25
0.0001,19,2023-07-26
0.0001,15,2023-07-27
0.0001,18,2023-07-28
0.0001,11,2023-07-29
0.0001,23,2023-07-30
0.0001,21,2023-07-31
0.0001,19,2023-08-01
0.0009,168,2023-08-02
0.0008,151,2023-08-03
0.0004,79,2023-08-04
0.0001,17,2023-08-05
0.0002,35,2023-08-06
0.0002,42,2023-08-07
0.0001,27,2023-08-08
0.0002,40,2023-08-09
0.0009,162,2023-08-10
0.0007,125,2023-08-11
0.0009,162,2023-08-12
0.0008,140,2023-08-13
0.001,180,2023-08-14
0.0006,107,2023-08-15
0.0009,172,2023-08-16
0.0015,269,2023-08-17
0.0005,88,2023-08-18
0.0004,70,2023-08-19
0.0004,81,2023-08-20
0.0002,29,2023-08-21
0.0006,100,2023-08-22
0.0002,28,2023-08-23
0.0005,89,2023-08-24
0.0003,54,2023-08-25
0.0005,82,2023-08-26
0.0003,46,2023-08-27
0.0002,44,2023-08-28
0.0001,20,2023-08-29
0.0001,25,2023-08-30
0.001,180,2023-08-31
0.0002,37,2023-09-01
0.0,7,2023-09-02
0.0001,11,2023-09-03
0.0001,25,2023-09-04
0.0002,30,2023-09-05
0.0002,33,2023-09-06
0.0007,125,2023-09-07
0.0002,30,2023-09-08
0.0,8,2023-09-09
0.0001,21,2023-09-10
0.0002,31,2023-09-11
0.0002,35,2023-09-12
0.0001,27,2023-09-13
0.0012,211,2023-09-14
0.0002,35,2023-09-15
0.0001,13,2023-09-16
0.0005,94,2023-09-17
0.0001,23,2023-09-18
0.0006,106,2023-09-19
0.0002,29,2023-09-20
0.0011,194,2023-09-21
0.0004,81,2023-09-22
0.0002,37,2023-09-23
0.0002,39,2023-09-24
0.0006,113,2023-09-25
0.0002,33,2023-09-26
0.0001,20,2023-09-27
0.0007,123,2023-09-28
0.0003,47,2023-09-29
0.0001,11,2023-09-30
0.0001,15,2023-10-01
0.0002,45,2023-10-02
0.0001,23,2023-10-03
0.0,8,2023-10-04
0.0006,109,2023-10-05
0.0002,28,2023-10-06
0.0006,113,2023-10-07
0.0001,13,2023-10-08
0.0001,15,2023-10-09
0.0002,30,2023-10-10
0.0002,36,2023-10-11
0.0007,132,2023-10-12
0.0003,51,2023-10-13
0.0001,15,2023-10-14
0.0001,16,2023-10-15
0.0003,49,2023-10-16
0.0003,50,2023-10-17
0.0002,35,2023-10-18
0.0008,141,2023-10-19
0.0005,96,2023-10-20
0.0001,15,2023-10-21
0.0001,20,2023-10-22
0.0002,35,2023-10-23
0.0005,93,2023-10-24
0.0003,62,2023-10-25
0.0014,248,2023-10-26
0.0002,31,2023-10-27
0.0001,20,2023-10-28
0.0001,18,2023-10-29
0.0003,53,2023-10-30
0.0001,22,2023-10-31
0.0001,22,2023-11-01
0.0008,141,2023-11-02
0.0002,31,2023-11-03
0.0001,21,2023-11-04
0.0002,28,2023-11-05
0.0001,22,2023-11-06
0.0003,48,2023-11-07
0.0002,35,2023-11-08
0.0007,130,2023-11-09
0.0002,41,2023-11-10
0.0001,25,2023-11-11
0.0002,28,2023-11-12
0.0004,76,2023-11-13
0.0004,68,2023-11-14
0.0002,38,2023-11-15
0.0015,264,2023-11-16
0.0008,140,2023-11-17
0.0003,49,2023-11-18
0.0001,10,2023-11-19
0.0003,46,2023-11-20
0.0002,32,2023-11-21
0.0002,34,2023-11-22
0.0,4,2023-11-23
0.0008,141,2023-11-24
0.0002,30,2023-11-25
0.0002,35,2023-11-26
0.0003,63,2023-11-27
0.0003,50,2023-11-28
0.0002,42,2023-11-29
0.0006,110,2023-11-30
0.0002,41,2023-12-01
0.0001,23,2023-12-02
0.0001,22,2023-12-03
0.0002,34,2023-12-04
0.0002,45,2023-12-05
0.0002,40,2023-12-06
0.0007,128,2023-12-07
0.0002,44,2023-12-08
0.0002,36,2023-12-09
0.0001,26,2023-12-10
0.0002,39,2023-12-11
0.0003,55,2023-12-12
0.0002,35,2023-12-13
0.0007,120,2023-12-14
0.0005,87,2023-12-15
0.0002,29,2023-12-16
0.0001,25,2023-12-17
0.0001,22,2023-12-18
0.0002,28,2023-12-19
0.0011,193,2023-12-20
0.0006,114,2023-12-21
0.0006,105,2023-12-22
0.0003,52,2023-12-23
0.0002,42,2023-12-24
0.0002,31,2023-12-25
0.0002,41,2023-12-26
0.0002,34,2023-12-27
0.0005,95,2023-12-28
0.0002,35,2023-12-29
0.0001,25,2023-12-30
0.0001,27,2023-12-31
0.0003,50,2024-01-01
0.0004,67,2024-01-02
0.0001,27,2024-01-03
0.0009,162,2024-01-04
0.0003,59,2024-01-05
0.0001,17,2024-01-06
0.0001,20,2024-01-07
0.0004,69,2024-01-08
0.0006,104,2024-01-09
0.0002,29,2024-01-10
0.0009,162,2024-01-11
0.0003,63,2024-01-12
0.0008,153,2024-01-13
0.0001,17,2024-01-14
0.0003,50,2024-01-15
0.0001,25,2024-01-16
0.0002,44,2024-01-17
0.0007,127,2024-01-18
0.0003,51,2024-01-19
0.0001,21,2024-01-20
0.0001,17,2024-01-21
0.0002,37,2024-01-22
0.0008,139,2024-01-23
0.0002,43,2024-01-24
0.0007,132,2024-01-25
0.0003,49,2024-01-26
0.0001,18,2024-01-27
0.0001,24,2024-01-28
0.0003,51,2024-01-29
0.0004,67,2024-01-30
0.0014,248,2024-01-31
0.0007,119,2024-02-01
0.0001,26,2024-02-02
0.0003,51,2024-02-03
0.0001,21,2024-02-04
0.0004,66,2024-02-05
0.0005,93,2024-02-06
0.0002,29,2024-02-07
0.0008,136,2024-02-08
0.0002,44,2024-02-09
0.0001,22,2024-02-10
0.0002,29,2024-02-11
0.0001,26,2024-02-12
0.0002,35,2024-02-13
0.0002,32,2024-02-14
0.0009,168,2024-02-15
0.0002,45,2024-02-16
0.0002,41,2024-02-17
0.0001,23,2024-02-18
0.0001,15,2024-02-19
0.0002,35,2024-02-20
0.0002,37,2024-02-21
0.0007,130,2024-02-22
0.0009,162,2024-02-23
0.0001,20,2024-02-24
0.0002,40,2024-02-25
0.0001,24,2024-02-26
0.0002,34,2024-02-27
0.0004,68,2024-02-28
0.0006,116,2024-02-29
0.0002,38,2024-03-01
0.0001,27,2024-03-02
0.0001,26,2024-03-03
0.0005,90,2024-03-04
0.0008,152,2024-03-05
0.0001,21,2024-03-06
0.0007,128,2024-03-07
0.0002,32,2024-03-08
0.0001,19,2024-03-09
0.0001,21,2024-03-10
0.0001,23,2024-03-11
0.0001,17,2024-03-12
0.0001,22,2024-03-13
0.0006,102,2024-03-14
0.0001,27,2024-03-15
0.0001,17,2024-03-16
0.0001,13,2024-03-17
0.0002,28,2024-03-18
0.0003,57,2024-03-19
0.0001,26,2024-03-20
0.0006,104,2024-03-21
0.0002,45,2024-03-22
0.0001,21,2024-03-23
0.0001,18,2024-03-24
0.0002,32,2024-03-25
0.0001,23,2024-03-26
0.0001,20,2024-03-27
0.0005,83,2024-03-28
0.0012,211,2024-03-29
0.0001,18,2024-03-30
0.0001,21,2024-03-31
0.0001,20,2024-04-01
0.0001,17,2024-04-02
0.0004,65,2024-04-03
0.0005,95,2024-04-04
0.0002,34,2024-04-05
0.0002,29,2024-04-06
0.0011,204,2024-04-07
0.0002,37,2024-04-08
0.0001,25,2024-04-09
0.0002,44,2024-04-10
0.0007,134,2024-04-11
0.0003,46,2024-04-12
0.0001,22,2024-04-13
0.0001,14,2024-04-14
0.0012,217,2024-04-15
0.0002,40,2024-04-16
0.0002,40,2024-04-17
0.0006,116,2024-04-18
0.0003,62,2024-04-19
0.0001,11,2024-04-20
0.0001,19,2024-04-21
0.0001,27,2024-04-22
0.0002,34,2024-04-23
0.0001,26,2024-04-24
0.0006,113,2024-04-25
0.0002,32,2024-04-26
0.0001,11,2024-04-27
0.0001,22,2024-04-28
0.0001,12,2024-04-29
0.0002,41,2024-04-30
0.0002,38,2024-05-01
0.0006,102,2024-05-02
0.0002,39,2024-05-03
0.0001,24,2024-05-04
0.0001,24,2024-05-05
0.0002,36,2024-05-06
0.0001,13,2024-05-07
0.0001,26,2024-05-08
0.0006,108,2024-05-09
0.0003,49,2024-05-10
0.0002,35,2024-05-11
0.0001,16,2024-05-12
0.0002,35,2024-05-13
0.0002,29,2024-05-14
0.0002,41,2024-05-15
0.0005,97,2024-05-16
0.0002,31,2024-05-17
0.0001,17,2024-05-18
0.0001,21,2024-05-19
0.0002,30,2024-05-20
0.0002,31,2024-05-21
0.0001,22,2024-05-22
0.0005,95,2024-05-23
0.0001,27,2024-05-24
0.0001,15,2024-05-25
0.0001,14,2024-05-26
0.0001,25,2024-05-27
0.0002,38,2024-05-28
0.0002,30,2024-05-29
0.0005,99,2024-05-30
0.0003,56,2024-05-31
0.0001,22,2024-06-01
0.0003,49,2024-06-02
0.0002,33,2024-06-03
0.0002,36,2024-06-04
0.0002,39,2024-06-05
0.0006,106,2024-06-06
0.0013,230,2024-06-07
0.0001,25,2024-06-08
0.0003,58,2024-06-09
0.0001,27,2024-06-10
0.0002,32,2024-06-11
0.0002,35,2024-06-12
0.0005,86,2024-06-13
0.0003,59,2024-06-14
0.0002,35,2024-06-15
0.001,181,2024-06-16
0.0001,23,2024-06-17
0.0001,27,2024-06-18
0.0002,31,2024-06-19
0.0009,155,2024-06-20
0.0004,68,2024-06-21
0.0001,26,2024-06-22
0.0001,24,2024-06-23
0.0002,33,2024-06-24
0.0002,34,2024-06-25
0.0002,31,2024-06-26
0.0005,99,2024-06-27
0.0002,32,2024-06-28
0.0001,19,2024-06-29
0.0002,37,2024-06-30
0.0014,245,2024-07-01
0.0003,55,2024-07-02
0.0005,83,2024-07-03
0.0001,11,2024-07-04
0.0004,73,2024-07-05
0.0002,29,2024-07-06
0.0001,13,2024-07-07
0.0002,29,2024-07-08
0.0002,34,2024-07-09
0.0002,43,2024-07-10
0.0007,118,2024-07-11
0.0002,40,2024-07-12
0.0001,19,2024-07-13
0.0001,23,2024-07-14
0.0007,133,2024-07-15
0.0003,52,2024-07-16
0.0011,194,2024-07-17
0.0013,242,2024-07-18
0.0019,346,2024-07-19
0.0002,32,2024-07-20
0.0004,64,2024-07-21
0.0001,15,2024-07-22
0.0001,14,2024-07-23
0.0001,17,2024-07-24
0.0005,99,2024-07-25
0.0003,46,2024-07-26
0.0002,28,2024-07-27
0.0001,22,2024-07-28
0.0001,27,2024-07-29
0.0001,24,2024-07-30
0.0001,23,2024-07-31
0.0005,88,2024-08-01
0.0002,32,2024-08-02
0.0001,17,2024-08-03
0.0001,20,2024-08-04
0.0001,10,2024-08-05
0.0001,18,2024-08-06
0.0001,21,2024-08-07
0.0005,83,2024-08-08
0.0001,27,2024-08-09
0.0002,35,2024-08-10
0.0001,20,2024-08-11
0.0001,19,2024-08-12
0.0002,29,2024-08-13
0.0002,29,2024-08-14
0.0005,96,2024-08-15
0.0013,232,2024-08-16
0.0001,17,2024-08-17
0.0001,11,2024-08-18
0.0001,15,2024-08-19
0.0001,19,2024-08-20
0.0001,18,2024-08-21
0.0006,101,2024-08-22
0.0001,24,2024-08-23
0.0001,25,2024-08-24
0.0002,35,2024-08-25
0.0002,38,2024-08-26
0.0005,86,2024-08-27
0.0001,23,2024-08-28
0.0006,102,2024-08-29
0.0002,35,2024-08-30
0.0001,24,2024-08-31
0.0002,35,2024-09-01
0.0002,28,2024-09-02
0.0001,26,2024-09-03
0.0001,21,2024-09-04
0.0016,288,2024-09-05
0.0002,31,2024-09-06
0.0001,25,2024-09-07
0.0001,15,2024-09-08
0.0001,19,2024-09-09
0.0002,29,2024-09-10
0.0002,28,2024-09-11
0.0005,97,2024-09-12
0.0002,32,2024-09-13
0.0001,22,2024-09-14
0.0001,14,2024-09-15
0.001,179,2024-09-16
0.0001,27,2024-09-17
0.0001,20,2024-09-18
0.0004,70,2024-09-19
0.0002,29,2024-09-20
0.0003,61,2024-09-21
0.0001,27,2024-09-22
0.0002,37,2024-09-23
0.0003,47,2024-09-24
0.0003,60,2024-09-25
0.0004,76,2024-09-26
0.0001,27,2024-09-27
0.0014,251,2024-09-28
0.0004,75,2024-09-29
0.0002,40,2024-09-30
0.0002,44,2024-10-01
0.0001,19,2024-10-02
0.0005,97,2024-10-03
0.0002,29,2024-10-04
0.0005,91,2024-10-05
0.0005,85,2024-10-06
0.0001,24,2024-10-07
0.0002,34,2024-10-08
0.0003,58,2024-10-09
0.0009,166,2024-10-10
0.0002,35,2024-10-11
0.0001,22,2024-10-12
0.0013,233,2024-10-13
0.0004,77,2024-10-14
0.0004,78,2024-10-15
0.0002,45,2024-10-16
0.0013,232,2024-10-17
0.001,184,2024-10-18
0.0002,28,2024-10-19
0.0003,54,2024-10-20
0.0001,19,2024-10-21
0.0003,47,2024-10-22
0.0001,10,2024-10-23
0.0006,106,2024-10-24
0.0001,24,2024-10-25
0.0001,15,2024-10-26
0.0001,12,2024-10-27
0.0001,12,2024-10-28
0.0001,22,2024-10-29
0.0001,10,2024-10-30
0.0005,90,2024-10-31
0.0002,39,2024-11-01
0.0,5,2024-11-02
0.0001,10,2024-11-03
0.0002,45,2024-11-04
0.0001,15,2024-11-05
0.0002,41,2024-11-06
0.0003,57,2024-11-07
0.0003,59,2024-11-08
0.0001,20,2024-11-09
0.0002,40,2024-11-10
0.0,9,2024-11-11
0.0002,31,2024-11-12
0.0001,20,2024-11-13
0.0008,150,2024-11-14
0.0002,35,2024-11-15
0.0001,18,2024-11-16
0.0001,10,2024-11-17
0.0,6,2024-11-18
0.0002,35,2024-11-19
0.0001,22,2024-11-20
0.0006,115,2024-11-21
0.0001,25,2024-11-22
0.0001,14,2024-11-23
0.0001,19,2024-11-24
0.0001,15,2024-11-25
0.0001,17,2024-11-26
0.0001,10,2024-11-27
0.0,9,2024-11-28
0.0004,81,2024-11-29
0.0001,13,2024-11-30
0.0001,25,2024-12-01
0.0001,20,2024-12-02
0.0001,11,2024-12-03
0.0001,14,2024-12-04
0.0005,90,2024-12-05
0.0001,21,2024-12-06
0.0001,13,2024-12-07
0.0001,18,2024-12-08
0.0001,21,2024-12-09
0.0001,22,2024-12-10
0.0001,20,2024-12-11
0.0007,134,2024-12-12
0.0001,18,2024-12-13
0.0002,29,2024-12-14
0.0001,11,2024-12-15
0.0001,20,2024-12-16
0.0001,17,2024-12-17
0.0001,17,2024-12-18
0.0004,70,2024-12-19
0.0002,31,2024-12-20
0.0001,17,2024-12-21
0.0001,27,2024-12-22
0.0001,19,2024-12-23
0.0004,80,2024-12-24
0.0001,18,2024-12-25
0.0004,73,2024-12-26
0.0002,38,2024-12-27
0.0004,65,2024-12-28
0.0002,40,2024-12-29
0.0002,35,2024-12-30
0.0001,16,2024-12-31
0.0,9,2025-01-01
0.0016,281,2025-01-02
0.0001,25,2025-01-03
0.0002,38,2025-01-04
0.0001,12,2025-01-05
0.0002,34,2025-01-06
0.0001,17,2025-01-07
0.0,7,2025-01-08
0.0004,81,2025-01-09
0.0001,21,2025-01-10
0.0001,19,2025-01-11
0.0001,16,2025-01-12
0.0001,10,2025-01-13
0.0001,13,2025-01-14
0.0001,11,2025-01-15
0.0004,77,2025-01-16
0.0002,30,2025-01-17
0.0001,19,2025-01-18
0.0,8,2025-01-19
0.0001,26,2025-01-20
0.0001,17,2025-01-21
0.0,7,2025-01-22
0.0004,73,2025-01-23
0.0001,20,2025-01-24
0.0002,30,2025-01-25
0.0001,15,2025-01-26
0.0001,26,2025-01-27
0.0001,17,2025-01-28
0.0001,21,2025-01-29
0.0005,90,2025-01-30
0.0002,37,2025-01-31
0.0001,16,2025-02-01
0.0001,19,2025-02-02
0.0002,30,2025-02-03
0.0001,18,2025-02-04
0.0001,23,2025-02-05
0.0005,85,2025-02-06
0.0002,36,2025-02-07
0.0001,26,2025-02-08
0.0001,21,2025-02-09
0.0001,12,2025-02-10
0.0001,22,2025-02-11
0.0001,14,2025-02-12
0.0005,87,2025-02-13
0.0002,29,2025-02-14
0.0,7,2025-02-15
0.0001,15,2025-02-16
0.0001,16,2025-02-17
0.0001,17,2025-02-18
0.0001,25,2025-02-19
0.0005,83,2025-02-20
0.0002,29,2025-02-21
0.0001,21,2025-02-22
0.0001,21,2025-02-23
0.0002,28,2025-02-24
0.0001,15,2025-02-25
0.0002,32,2025-02-26
0.0005,87,2025-02-27
0.0001,25,2025-02-28
0.0001,19,2025-03-01
0.0001,25,2025-03-02
0.0002,30,2025-03-03
0.0002,34,2025-03-04
0.0002,28,2025-03-05
0.0005,82,2025-03-06
0.0002,34,2025-03-07
0.0008,139,2025-03-08
0.0001,13,2025-03-09
0.0006,102,2025-03-10
0.0001,21,2025-03-11
0.0001,20,2025-03-12
0.0001,15,2025-03-13
0.0,6,2025-03-14
0.0,5,2025-03-15
0.0001,24,2025-03-16
0.0006,108,2025-03-17
0.0,7,2025-03-18
0.0004,76,2025-03-19
0.0012,212,2025-03-20
0.0002,39,2025-03-21
0.0001,17,2025-03-22
0.0001,17,2025-03-23
0.0,9,2025-03-24
0.0001,21,2025-03-25
0.0001,12,2025-03-26
0.0004,79,2025-03-27
0.0001,20,2025-03-28
0.0001,12,2025-03-29
0.0,7,2025-03-30
0.0005,91,2025-03-31
0.0003,57,2025-04-01
0.0002,35,2025-04-02
0.0005,97,2025-04-03
0.0004,72,2025-04-04
0.0004,74,2025-04-05
0.0002,43,2025-04-06
0.0002,38,2025-04-07
0.0004,70,2025-04-08
0.0005,96,2025-04-09
0.0006,110,2025-04-10
0.0002,38,2025-04-11
0.0001,21,2025-04-12
0.0002,28,2025-04-13
0.0001,22,2025-04-14
0.0003,60,2025-04-15
0.0006,116,2025-04-16
0.0006,113,2025-04-17
0.0004,70,2025-04-18
0.0006,110,2025-04-19
0.0002,34,2025-04-20
0.0002,31,2025-04-21
0.0002,42,2025-04-22
0.0002,30,2025-04-23
0.0007,120,2025-04-24
0.0003,49,2025-04-25
0.0005,91,2025-04-26
0.0003,57,2025-04-27
0.0002,42,2025-04-28
0.0002,30,2025-04-29
0.0001,24,2025-04-30
0.0007,126,2025-05-01
0.0003,48,2025-05-02
0.0001,18,2025-05-03
0.0001,13,2025-05-04
0.0001,21,2025-05-05
0.0003,57,2025-05-06
0.0001,13,2025-05-07
0.0006,106,2025-05-08
0.0002,29,2025-05-09
0.0005,93,2025-05-10
0.0002,31,2025-05-11
0.0001,26,2025-05-12
0.0002,32,2025-05-13
0.0001,25,2025-05-14
0.0006,103,2025-05-15
0.0002,28,2025-05-16
0.0006,101,2025-05-17
0.0002,36,2025-05-18
0.0002,42,2025-05-19
0.0001,19,2025-05-20
0.0001,26,2025-05-21
0.0005,99,2025-05-22
0.0001,26,2025-05-23
0.0005,94,2025-05-24
0.0001,26,2025-05-25
0.0002,30,2025-05-26
0.0001,27,2025-05-27
0.0002,41,2025-05-28
0.0006,105,2025-05-29
0.0003,46,2025-05-30
0.0005,83,2025-05-31
0.0001,21,2025-06-01
0.0002,35,2025-06-02
0.0002,33,2025-06-03
0.0002,44,2025-06-04
0.0006,104,2025-06-05
0.0002,29,2025-06-06
0.0004,78,2025-06-07
0.0002,41,2025-06-08
0.0002,28,2025-06-09
0.0002,44,2025-06-10
0.0002,34,2025-06-11
0.0011,205,2025-06-12
0.001,180,2025-06-13
0.0005,90,2025-06-14
0.0002,29,2025-06-15
0.0003,46,2025-06-16
0.0001,27,2025-06-17
0.0001,23,2025-06-18
0.0005,87,2025-06-19
0.0001,25,2025-06-20
0.0004,78,2025-06-21
0.0002,35,2025-06-22
0.0002,36,2025-06-23
0.0002,38,2025-06-24
0.0001,20,2025-06-25
0.0004,77,2025-06-26
0.0001,26,2025-06-27
0.0004,64,2025-06-28
0.0002,30,2025-06-29
0.0001,20,2025-06-30
0.0001,14,2025-07-01
0.0001,18,2025-07-02
0.0004,68,2025-07-03
0.0001,23,2025-07-04
0.0004,81,2025-07-05
0.0002,30,2025-07-06
0.0002,28,2025-07-07
0.0002,32,2025-07-08
0.0008,153,2025-07-09
0.0004,75,2025-07-10
0.0001,24,2025-07-11
0.0004,80,2025-07-12
0.0002,31,2025-07-13
0.0001,16,2025-07-14
0.0001,21,2025-07-15
0.0001,27,2025-07-16
0.0004,77,2025-07-17
0.0001,25,2025-07-18
0.0004,65,2025-07-19
0.0002,31,2025-07-20
0.0002,32,2025-07-21
0.0001,22,2025-07-22
0.0001,21,2025-07-23
0.0003,63,2025-07-24
0.0001,19,2025-07-25
0.0004,65,2025-07-26
0.0001,26,2025-07-27
0.0001,26,2025-07-28
0.0001,10,2025-07-29
0.0001,12,2025-07-30
0.0004,70,2025-07-31
0.0001,16,2025-08-01
0.0004,77,2025-08-02
0.0002,32,2025-08-03
0.0002,28,2025-08-04
0.0002,32,2025-08-05
0.0001,13,2025-08-06
0.0005,86,2025-08-07
0.0002,39,2025-08-08
0.0004,70,2025-08-09
0.0001,26,2025-08-10
0.0001,23,2025-08-11
0.0001,27,2025-08-12
0.0001,17,2025-08-13
0.0005,94,2025-08-14
0.0002,37,2025-08-15
0.0001,26,2025-08-16
0.0001,26,2025-08-17
0.0002,29,2025-08-18
0.0001,18,2025-08-19
0.0002,30,2025-08-20
0.0006,103,2025-08-21
0.0002,29,2025-08-22
0.0001,22,2025-08-23
0.0001,12,2025-08-24
0.0006,100,2025-08-25
0.0001,27,2025-08-26
0.0002,35,2025-08-27
0.0005,90,2025-08-28
0.0001,27,2025-08-29
0.0001,24,2025-08-30
0.0001,25,2025-08-31
0.0002,32,2025-09-01
0.0001,26,2025-09-02
0.0002,33,2025-09-03
0.0005,97,2025-09-04
0.0002,30,2025-09-05
0.0001,13,2025-09-06
0.0002,42,2025-09-07
0.0001,20,2025-09-08
0.0001,12,2025-09-09
0.0001,16,2025-09-10
0.0004,75,2025-09-11
0.0001,27,2025-09-12
0.0001,16,2025-09-13
0.0001,26,2025-09-14
0.0002,35,2025-09-15
0.0001,26,2025-09-16
0.0001,11,2025-09-17
0.0004,64,2025-09-18
0.0002,39,2025-09-19
0.0001,14,2025-09-20
0.0001,17,2025-09-21
0.0004,79,2025-09-22
0.0003,51,2025-09-23
0.0038,686,2025-09-24
0.0005,93,2025-09-25
0.0001,26,2025-09-26
0.0002,35,2025-09-27
0.0002,29,2025-09-28
0.0007,123,2025-09-29
0.0005,93,2025-09-30
0.0005,96,2025-10-01
0.0006,117,2025-10-02
0.0004,70,2025-10-03
0.0003,60,2025-10-04
0.0002,37,2025-10-05
0.0006,102,2025-10-06
0.0002,30,2025-10-07
0.0003,61,2025-10-08
0.0006,101,2025-10-09
0.0019,349,2025-10-10
0.0001,15,2025-10-11
0.0,7,2025-10-12
0.0004,67,2025-10-13
0.0001,21,2025-10-14
0.0002,30,2025-10-15
0.0004,68,2025-10-16
0.0003,59,2025-10-17
0.0001,13,2025-10-18
0.0002,30,2025-10-19
0.0008,148,2025-10-20
0.0009,167,2025-10-21
0.0002,31,2025-10-22
0.0005,98,2025-10-23
0.0002,36,2025-10-24
0.0001,25,2025-10-25
0.0001,26,2025-10-26
0.0004,79,2025-10-27
0.0002,44,2025-10-28
0.0002,33,2025-10-29
0.0004,76,2025-10-30
0.0003,54,2025-10-31
0.0001,21,2025-11-01
0.0002,30,2025-11-02
0.0005,97,2025-11-03
0.0022,390,2025-11-04
0.0003,52,2025-11-05
0.0005,98,2025-11-06
0.0002,37,2025-11-07
0.0001,20,2025-11-08
0.0001,16,2025-11-09
0.0005,82,2025-11-10
0.0004,68,2025-11-11
0.0003,46,2025-11-12
0.0005,89,2025-11-13
0.0002,32,2025-11-14
0.0007,118,2025-11-15
0.0001,25,2025-11-16
0.0006,109,2025-11-17
0.0002,39,2025-11-18
0.0002,33,2025-11-19
0.0005,86,2025-11-20
0.0002,45,2025-11-21
0.0001,12,2025-11-22
0.0001,20,2025-11-23
0.0009,157,2025-11-24
0.0002,42,2025-11-25
0.0005,93,2025-11-26
0.0001,19,2025-11-27
0.0001,27,2025-11-28
0.0001,18,2025-11-29
0.0001,14,2025-11-30
0.0007,129,2025-12-01
0.0003,58,2025-12-02
0.0005,98,2025-12-03
0.0004,81,2025-12-04
0.0003,59,2025-12-05
0.0001,25,2025-12-06
0.0001,12,2025-12-07
0.0001,20,2025-12-08
0.0,0,2025-12-09
0.0,0,2025-12-10
0.0008,150,2025-12-11
0.0005,82,2025-12-12
0.0002,45,2025-12-13
0.0002,29,2025-12-14
0.0006,103,2025-12-15
0.0019,345,2025-12-16
0.0001,25,2025-12-17
0.0006,113,2025-12-18
0.0001,26,2025-12-19
0.0001,19,2025-12-20
0.0001,19,2025-12-21
0.0005,91,2025-12-22
0.0002,34,2025-12-23
0.0001,15,2025-12-24
0.0,8,2025-12-25
0.0004,79,2025-12-26
0.0001,21,2025-12-27
0.0001,27,2025-12-28
0.0005,88,2025-12-29
0.0002,33,2025-12-30
0.0001,24,2025-12-31
0.0001,10,2026-01-01
0.0001,25,2026-01-02
0.0001,13,2026-01-03
0.0001,15,2026-01-04
0.0005,84,2026-01-05
0.0002,33,2026-01-06
0.0001,26,2026-01-07
0.0004,80,2026-01-08
0.0003,46,2026-01-09
0.0019,340,2026-01-10
0.0001,12,2026-01-11
0.0003,49,2026-01-12
0.0001,25,2026-01-13
0.0007,119,2026-01-14
0.0005,94,2026-01-15
0.0001,24,2026-01-16
0.0001,19,2026-01-17
0.0001,16,2026-01-18
0.0002,42,2026-01-19
0.0001,13,2026-01-20
0.0001,18,2026-01-21
0.0005,90,2026-01-22
0.0003,46,2026-01-23
0.0002,28,2026-01-24
0.0002,29,2026-01-25
0.0002,30,2026-01-26
0.0001,24,2026-01-27
0.0,9,2026-01-28
0.0005,91,2026-01-29
0.0002,36,2026-01-30
0.0002,33,2026-01-31
0.0002,28,2026-02-01
0.0002,31,2026-02-02
0.0002,38,2026-02-03
0.0004,72,2026-02-04
0.0005,97,2026-02-05
0.0002,30,2026-02-06
0.0017,315,2026-02-07
0.0001,10,2026-02-08
0.0001,16,2026-02-09
0.0001,26,2026-02-10
0.0001,20,2026-02-11
0.0006,109,2026-02-12
0.0002,37,2026-02-13
0.0006,113,2026-02-14
0.0001,23,2026-02-15
0.0002,29,2026-02-16
0.0001,25,2026-02-17
0.0001,22,2026-02-18
0.0015,276,2026-02-19
0.0002,34,2026-02-20
0.0001,13,2026-02-21
0.0,7,2026-02-22
0.0001,25,2026-02-23
0.0004,69,2026-02-24
0.0002,29,2026-02-25
0.0007,129,2026-02-26
0.0005,82,2026-02-27
0.0006,108,2026-02-28
0.0013,235,2026-03-01
0.0001,26,2026-03-02
0.0002,37,2026-03-03
0.0001,24,2026-03-04
0.0007,119,2026-03-05
0.0002,39,2026-03-06
0.0001,23,2026-03-07
0.0002,35,2026-03-08
0.0002,35,2026-03-09
0.0002,28,2026-03-10
0.0002,33,2026-03-11
0.0007,129,2026-03-12
0.0003,61,2026-03-13
0.0001,20,2026-03-14
0.0001,27,2026-03-15
0.0001,26,2026-03-16
0.0015,267,2026-03-17
0.0001,17,2026-03-18
0.0007,122,2026-03-19
0.0001,26,2026-03-20
0.0002,36,2026-03-21
0.0002,36,2026-03-22
0.0007,129,2026-03-23
0.0002,44,2026-03-24
0.0004,70,2026-03-25
0.0006,109,2026-03-26
0.0004,75,2026-03-27
0.0002,37,2026-03-28
0.0001,14,2026-03-29
0.0001,26,2026-03-30
0.0005,93,2026-03-31
0.0001,16,2026-04-01
0.0007,127,2026-04-02
0.0001,25,2026-04-03
0.0001,13,2026-04-04
0.0001,17,2026-04-05
0.0003,48,2026-04-06
0.0001,24,2026-04-07
0.0001,11,2026-04-08
0.0006,116,2026-04-09
0.0002,34,2026-04-10
0.0001,19,2026-04-11
0.0003,56,2026-04-12
0.0001,23,2026-04-13
0.0001,25,2026-04-14
0.0001,26,2026-04-15
0.0007,119,2026-04-16
0.0003,59,2026-04-17
0.0004,74,2026-04-18
0.0002,38,2026-04-19
0.0001,16,2026-04-20
0.0002,44,2026-04-21
0.0003,47,2026-04-22
0.0007,120,2026-04-23
0.0002,40,2026-04-24
0.0003,55,2026-04-25
0.0001,26,2026-04-26
0.0004,68,2026-04-27
0.0007,118,2026-04-28
0.0002,35,2026-04-29
0.001,176,2026-04-30
0.0005,93,2026-05-01
0.0005,91,2026-05-02
0.0001,21,2026-05-03
0.0002,28,2026-05-04
0.0002,40,2026-05-05
0.0001,23,2026-05-06
0.0005,99,2026-05-07
0.0003,52,2026-05-08
